Prije.IzdaciHrana,Trenutno.IzdaciHrana
101-200€,101-200€
0-100€,101-200€
201-300€,300€+
300€+,300€+
201-300€,201-300€
300€+,201-300€
201-300€,300€+
300€+,300€+
201-300€,300€+
201-300€,300€+
300€+,300€+
201-300€,201-300€
101-200€,101-200€
101-200€,101-200€
101-200€,101-200€
300€+,300€+
101-200€,101-200€
201-300€,201-300€
201-300€,300€+
101-200€,300€+
300€+,300€+
201-300€,201-300€
101-200€,101-200€
300€+,300€+
201-300€,300€+
300€+,201-300€
300€+,101-200€
101-200€,201-300€
201-300€,201-300€
101-200€,101-200€
201-300€,300€+
0-100€,0-100€
300€+,300€+
101-200€,101-200€
300€+,300€+
201-300€,201-300€
101-200€,101-200€
300€+,201-300€
201-300€,201-300€
101-200€,201-300€
101-200€,101-200€
300€+,300€+
201-300€,201-300€
300€+,300€+
300€+,300€+
300€+,300€+
300€+,300€+
201-300€,201-300€
300€+,300€+
101-200€,101-200€
101-200€,201-300€
201-300€,201-300€
300€+,101-200€
300€+,300€+
201-300€,201-300€
300€+,300€+
201-300€,201-300€
201-300€,201-300€
201-300€,201-300€
201-300€,300€+
300€+,300€+
300€+,300€+
300€+,300€+
300€+,300€+
300€+,300€+
201-300€,201-300€
300€+,300€+
300€+,300€+
201-300€,300€+
201-300€,101-200€
201-300€,201-300€
0-100€,0-100€
300€+,201-300€
201-300€,300€+
201-300€,201-300€
300€+,201-300€
300€+,300€+
101-200€,101-200€
201-300€,300€+
201-300€,201-300€
201-300€,201-300€
300€+,300€+
101-200€,101-200€
201-300€,300€+
300€+,300€+
300€+,300€+
300€+,300€+
201-300€,201-300€
201-300€,201-300€
300€+,300€+
201-300€,201-300€
300€+,201-300€
0-100€,0-100€
201-300€,300€+
201-300€,201-300€
300€+,300€+
300€+,300€+
300€+,300€+
201-300€,300€+
101-200€,201-300€
101-200€,201-300€
300€+,300€+
101-200€,101-200€
300€+,300€+
101-200€,0-100€
300€+,300€+
201-300€,201-300€
101-200€,101-200€
101-200€,101-200€
300€+,201-300€
201-300€,201-300€
101-200€,101-200€
201-300€,201-300€
201-300€,201-300€
201-300€,201-300€
0-100€,201-300€
300€+,300€+
101-200€,201-300€
201-300€,201-300€
300€+,300€+
101-200€,101-200€
300€+,300€+
201-300€,300€+
300€+,300€+
300€+,300€+
300€+,300€+
300€+,300€+
201-300€,201-300€
101-200€,101-200€
101-200€,101-200€
101-200€,201-300€
201-300€,0-100€
300€+,300€+
101-200€,101-200€
101-200€,101-200€
201-300€,201-300€
101-200€,101-200€
201-300€,300€+
300€+,300€+
101-200€,101-200€
300€+,300€+
101-200€,201-300€
300€+,300€+
201-300€,201-300€
300€+,300€+
201-300€,300€+
101-200€,201-300€
101-200€,101-200€
101-200€,101-200€
0-100€,101-200€
201-300€,300€+
300€+,300€+
201-300€,201-300€
300€+,201-300€
201-300€,300€+
300€+,300€+
201-300€,300€+
201-300€,300€+
300€+,300€+
201-300€,201-300€
101-200€,101-200€
101-200€,101-200€
101-200€,101-200€
300€+,300€+
101-200€,101-200€
201-300€,201-300€
201-300€,300€+
101-200€,300€+
300€+,300€+
201-300€,201-300€
101-200€,101-200€
300€+,300€+
201-300€,300€+
300€+,201-300€
300€+,101-200€
101-200€,201-300€
201-300€,201-300€
101-200€,101-200€
201-300€,300€+
0-100€,0-100€
300€+,300€+
101-200€,101-200€
300€+,300€+
201-300€,201-300€
101-200€,101-200€
300€+,201-300€
201-300€,201-300€
101-200€,201-300€
101-200€,101-200€
300€+,300€+
201-300€,201-300€
300€+,300€+
300€+,300€+
300€+,300€+
300€+,300€+
201-300€,201-300€
300€+,300€+
101-200€,101-200€
101-200€,201-300€
201-300€,201-300€
300€+,101-200€
300€+,300€+
201-300€,201-300€
300€+,300€+
201-300€,201-300€
201-300€,201-300€
201-300€,201-300€
201-300€,300€+
300€+,300€+
300€+,300€+
300€+,300€+
300€+,300€+
300€+,300€+
201-300€,201-300€
300€+,300€+
300€+,300€+
201-300€,300€+
201-300€,101-200€
201-300€,201-300€
0-100€,0-100€
300€+,201-300€
201-300€,300€+
201-300€,201-300€
300€+,201-300€
300€+,300€+
101-200€,101-200€
201-300€,300€+
201-300€,201-300€
201-300€,201-300€
300€+,300€+
101-200€,101-200€
201-300€,300€+
300€+,300€+
300€+,300€+
300€+,300€+
201-300€,201-300€
201-300€,201-300€
300€+,300€+
201-300€,201-300€
300€+,201-300€
0-100€,0-100€
201-300€,300€+
201-300€,201-300€
300€+,300€+
300€+,300€+
300€+,300€+
201-300€,300€+
101-200€,201-300€
101-200€,201-300€
300€+,300€+
101-200€,101-200€
300€+,300€+
101-200€,0-100€
300€+,300€+
201-300€,201-300€
101-200€,101-200€
101-200€,101-200€
300€+,201-300€
201-300€,201-300€
101-200€,101-200€
201-300€,201-300€
201-300€,201-300€
201-300€,201-300€
0-100€,201-300€
300€+,300€+
101-200€,201-300€
201-300€,201-300€
300€+,300€+
101-200€,101-200€
300€+,300€+
201-300€,300€+
300€+,300€+
300€+,300€+
300€+,300€+
300€+,300€+
201-300€,201-300€
101-200€,101-200€
101-200€,101-200€
101-200€,201-300€
201-300€,0-100€
300€+,300€+
101-200€,101-200€
101-200€,101-200€
201-300€,201-300€
101-200€,101-200€
201-300€,300€+
300€+,300€+
101-200€,101-200€
300€+,300€+
101-200€,201-300€
300€+,300€+
201-300€,201-300€
300€+,300€+
201-300€,300€+
101-200€,201-300€
101-200€,101-200€
101-200€,101-200€
0-100€,101-200€
201-300€,300€+
300€+,300€+
201-300€,201-300€
300€+,201-300€
201-300€,300€+
300€+,300€+
201-300€,300€+
201-300€,300€+
300€+,300€+
201-300€,201-300€
101-200€,101-200€
101-200€,101-200€
101-200€,101-200€
300€+,300€+
101-200€,101-200€
201-300€,201-300€
201-300€,300€+
101-200€,300€+
300€+,300€+
201-300€,201-300€
101-200€,101-200€
300€+,300€+
201-300€,300€+
300€+,201-300€
300€+,101-200€
101-200€,201-300€
201-300€,201-300€
101-200€,101-200€
201-300€,300€+
0-100€,0-100€
300€+,300€+
101-200€,101-200€
300€+,300€+
201-300€,201-300€
101-200€,101-200€
300€+,201-300€
201-300€,201-300€
101-200€,201-300€
101-200€,101-200€
300€+,300€+
201-300€,201-300€
300€+,300€+
300€+,300€+
300€+,300€+
300€+,300€+
201-300€,201-300€
300€+,300€+
101-200€,101-200€
101-200€,201-300€
201-300€,201-300€
300€+,101-200€
300€+,300€+
201-300€,201-300€
300€+,300€+
201-300€,201-300€
201-300€,201-300€
201-300€,201-300€
201-300€,300€+
300€+,300€+
300€+,300€+
300€+,300€+
300€+,300€+
300€+,300€+
201-300€,201-300€
300€+,300€+
300€+,300€+
201-300€,300€+
201-300€,101-200€
201-300€,201-300€
0-100€,0-100€
300€+,201-300€
201-300€,300€+
201-300€,201-300€
300€+,201-300€
300€+,300€+
101-200€,101-200€
201-300€,300€+
201-300€,201-300€
201-300€,201-300€
300€+,300€+
101-200€,101-200€
201-300€,300€+
300€+,300€+
300€+,300€+
300€+,300€+
201-300€,201-300€
201-300€,201-300€
300€+,300€+
201-300€,201-300€
300€+,201-300€
0-100€,0-100€
201-300€,300€+
201-300€,201-300€
300€+,300€+
300€+,300€+
300€+,300€+
201-300€,300€+
101-200€,201-300€
101-200€,201-300€
300€+,300€+
101-200€,101-200€
300€+,300€+
101-200€,0-100€
300€+,300€+
201-300€,201-300€
101-200€,101-200€
101-200€,101-200€
300€+,201-300€
201-300€,201-300€
101-200€,101-200€
201-300€,201-300€
201-300€,201-300€
201-300€,201-300€
0-100€,201-300€
300€+,300€+
101-200€,201-300€
201-300€,201-300€
300€+,300€+
101-200€,101-200€
300€+,300€+
201-300€,300€+
300€+,300€+
300€+,300€+
300€+,300€+
300€+,300€+
201-300€,201-300€
101-200€,101-200€
101-200€,101-200€
101-200€,201-300€
201-300€,0-100€
300€+,300€+
101-200€,101-200€
101-200€,101-200€
201-300€,201-300€
101-200€,101-200€
201-300€,300€+
300€+,300€+
101-200€,101-200€
300€+,300€+
101-200€,201-300€
300€+,300€+
201-300€,201-300€
300€+,300€+
201-300€,300€+
101-200€,201-300€
101-200€,101-200€
101-200€,101-200€
0-100€,101-200€
201-300€,300€+
300€+,300€+
201-300€,201-300€
300€+,201-300€
201-300€,300€+
300€+,300€+
201-300€,300€+
201-300€,300€+
300€+,300€+
201-300€,201-300€
101-200€,101-200€
101-200€,101-200€
101-200€,101-200€
300€+,300€+
101-200€,101-200€
201-300€,201-300€
201-300€,300€+
101-200€,300€+
300€+,300€+
201-300€,201-300€
101-200€,101-200€
300€+,300€+
201-300€,300€+
300€+,201-300€
300€+,101-200€
101-200€,201-300€
201-300€,201-300€
101-200€,101-200€
201-300€,300€+
0-100€,0-100€
300€+,300€+
101-200€,101-200€
300€+,300€+
201-300€,201-300€
101-200€,101-200€
300€+,201-300€
201-300€,201-300€
101-200€,201-300€
101-200€,101-200€
300€+,300€+
201-300€,201-300€
300€+,300€+
300€+,300€+
300€+,300€+
300€+,300€+
201-300€,201-300€
300€+,300€+
101-200€,101-200€
101-200€,201-300€
201-300€,201-300€
300€+,101-200€
300€+,300€+
201-300€,201-300€
300€+,300€+
201-300€,201-300€
201-300€,201-300€
201-300€,201-300€
201-300€,300€+
300€+,300€+
300€+,300€+
300€+,300€+
300€+,300€+
300€+,300€+
201-300€,201-300€
300€+,300€+
300€+,300€+
201-300€,300€+
201-300€,101-200€
201-300€,201-300€
0-100€,0-100€
300€+,201-300€
201-300€,300€+
201-300€,201-300€
300€+,201-300€
300€+,300€+
101-200€,101-200€
201-300€,300€+
201-300€,201-300€
201-300€,201-300€
300€+,300€+
101-200€,101-200€
201-300€,300€+
300€+,300€+
300€+,300€+
300€+,300€+
201-300€,201-300€
201-300€,201-300€
300€+,300€+
201-300€,201-300€
300€+,201-300€
0-100€,0-100€
201-300€,300€+
201-300€,201-300€
300€+,300€+
300€+,300€+
300€+,300€+
201-300€,300€+
101-200€,201-300€
101-200€,201-300€
300€+,300€+
101-200€,101-200€
300€+,300€+
101-200€,0-100€
300€+,300€+
201-300€,201-300€
101-200€,101-200€
101-200€,101-200€
300€+,201-300€
201-300€,201-300€
101-200€,101-200€
201-300€,201-300€
201-300€,201-300€
201-300€,201-300€
0-100€,201-300€
300€+,300€+
101-200€,201-300€
201-300€,201-300€
300€+,300€+
101-200€,101-200€
300€+,300€+
201-300€,300€+
300€+,300€+
300€+,300€+
300€+,300€+
300€+,300€+
201-300€,201-300€
101-200€,101-200€
101-200€,101-200€
101-200€,201-300€
201-300€,0-100€
300€+,300€+
101-200€,101-200€
101-200€,101-200€
201-300€,201-300€
101-200€,101-200€
201-300€,300€+
300€+,300€+
101-200€,101-200€
300€+,300€+
101-200€,201-300€
300€+,300€+
201-300€,201-300€
300€+,300€+
201-300€,300€+
101-200€,201-300€
101-200€,101-200€
